{"seed": 1234, "size": 10000, "costs": [{"Base cost": 9311, "TV age cost": -64, "Base cost se": 445, "TV age cost se": 9, "MI, first year se": 1203, "CHF, first year se": 920, "MI, first year cost": 45251, "CHF, first year cost": 31202, "Angina, first year se": 331, "MI, following year se": 1107, "Stroke, first year se": 850, "CHF, following year se": 883, "eGFR 30, first year se": 315, "eGFR 60, first year se": 315, "Angina, first year cost": 8907, "Dialysis, first year se": 4336, "MI, following year cost": 8572, "Stroke, first year cost": 23780, "Blindness, first year se": 1733, "CHF, following year cost": 7062, "eGFR 30, first year cost": 11509, "eGFR 60, first year cost": 11509, "Amputation, first year se": 3767, "Angina, following year se": 0, "Dialysis, first year cost": 94231, "Foot ulcer, first year se": 704, "Neuropathy, first year se": 160, "Stroke, following year se": 876, "Blindness, first year cost": 12995, "eGFR 30, following year se": 291, "eGFR 60, following year se": 291, "Amputation, first year cost": 25008, "Angina, following year cost": 0, "Dialysis, following year se": 5066, "Foot ulcer, first year cost": 11045, "Laser retina, first year se": 995, "Neuropathy, first year cost": 4323, "Stroke, following year cost": 4729, "Blindness, following year se": 1813, "eGFR 30, following year cost": 3057, "eGFR 60, following year cost": 3057, "Amputation, following year se": 0, "Dialysis, following year cost": 98981, "Foot ulcer, following year se": 684, "Laser retina, first year cost": 4393, "Neuropathy, following year se": 186, "Blindness, following year cost": 2378, "Amputation, following year cost": 0, "Foot ulcer, following year cost": 2147, "Laser retina, following year se": 276, "Macroalbuminuria, first year se": 315, "Neuropathy, following year cost": 2012, "Revascularization, first year se": 560, "Laser retina, following year cost": 2202, "Macroalbuminuria, first year cost": 11509, "Revascularization, first year cost": 20328, "Macroalbuminuria, following year se": 291, "Incremental cost in year of death se": 0, "Revascularization, following year se": 0, "Macroalbuminuria, following year cost": 3057, "Incremental cost in year of death cost": 0, "Revascularization, following year cost": 0, "Hypoglycemia (medical assistance), first year se": 296, "Hypoglycemia (medical assistance), first year cost": 7656}], "max_age": 100, "demographics": [{"race_proportions": {"proportion_black": 0.224, "proportion_other": 0.113, "proportion_white": 0.35, "proportion_hispanic": 0.313}, "other_proportions": {"proportion_female": 0.502, "proportion_smoker": 0.175, "proportion_postsecondary_education": 0.44}, "mean_sd_demographics": {"Age at entry sd": 0.01, "Age at entry mean": 61, "Diabetes duration entry sd": 0.01, "Diabetes duration entry mean": 1}}], "risk_factors": [{"BMI sd": 7.42, "HDL sd": 14.52, "LDL sd": 39.67, "SBP sd": 17.86, "BMI mean": 32.55, "HBA1C sd": 0.01, "HDL mean": 48.42, "LDL mean": 105.71, "SBP mean": 129.57, "HBA1C mean": 9, "Triglycerides sd": 0.49, "Triglycerides mean": 4.81, "Serum creatinine sd": 0.38, "Serum creatinine mean": 0.94}], "diabetes_type": "t2d", "iterations": 100, "clinical_history": [{"proportion_mi": 0.0994, "proportion_chf": 0.0817, "proportion_angina": 0.0649, "proportion_stroke": 0.0796, "proportion_egfr_30": 0.0168, "proportion_egfr_60": 0.2054, "proportion_dialysis": 0.0022, "proportion_blindness": 0, "proportion_amputation": 0, "proportion_foot_ulcer": 0, "proportion_neuropathy": 0, "proportion_laser_retina": 0, "proportion_macroalbuminuria": 0, "proportion_microalbuminuria": 0.2314, "proportion_revascularization": 0, "proportion_from_accord_dataset": 0}], "disutilities": [{"Baseline QALY": 0.935, "MI, first year se": 0.009, "BMI, first year se": 0, "CHF, first year se": 0.014, "MI, first year mean": -0.027, "BMI, first year mean": -0.003, "CHF, first year mean": -0.05, "Angina, first year se": 0.009, "MI, following year se": 0.008, "Stroke, first year se": 0.015, "CHF, following year se": 0.014, "Smoking, first year se": 0.005, "eGFR 30, first year se": 0.01, "eGFR 60, first year se": 0.003, "Angina, first year mean": -0.015, "Dialysis, first year se": 0.015, "Duration, first year se": 0, "MI, following year mean": -0.007, "Stroke, first year mean": -0.107, "Blindness, first year se": 0.01, "CHF, following year mean": -0.043, "Smoking, first year mean": -0.006, "eGFR 30, first year mean": -0.043, "eGFR 60, first year mean": -0.014, "Amputation, first year se": 0.028, "Angina, following year se": 0.008, "Dialysis, first year mean": -0.038, "Duration, first year mean": -0.008, "Foot ulcer, first year se": 0.009, "Neuropathy, first year se": 0.004, "Stroke, following year se": 0.014, "Blindness, first year mean": -0.045, "eGFR 30, following year se": 0.01, "eGFR 60, following year se": 0.003, "Amputation, first year mean": -0.092, "Angina, following year mean": -0.028, "Dialysis, following year se": 0.013, "Foot ulcer, first year mean": -0.017, "Laser retina, first year se": 0.007, "Neuropathy, first year mean": -0.007, "Stroke, following year mean": -0.051, "Blindness, following year se": 0.01, "eGFR 30, following year mean": -0.025, "eGFR 60, following year mean": -0.015, "Amputation, following year se": 0.034, "Dialysis, following year mean": -0.015, "Foot ulcer, following year se": 0.009, "Laser retina, first year mean": -0.011, "Neuropathy, following year se": 0.004, "Blindness, following year mean": -0.023, "Amputation, following year mean": -0.15, "Foot ulcer, following year mean": -0.02, "Laser retina, following year se": 0.006, "Neuropathy, following year mean": -0.007, "Revascularization, first year se": 0.006, "Laser retina, following year mean": -0.014, "Revascularization, first year mean": -0.005, "Revascularization, following year se": 0.007, "Revascularization, following year mean": 0, "Hypoglycemia (any assistance), first year se": 0.006, "Hypoglycemia (any assistance), first year mean": 0, "Hypoglycemia (medical assistance), first year se": 0, "Hypoglycemia (medical assistance), first year mean": 0}], "time_horizon": "max_age", "save_items_on_run": [{"save_config": [], "save_population": []}], "scenario_name": "Application 2", "costs_medicare": [{"Base cost": 9688.7, "TV age cost": 0, "Base cost se": 3.5, "TV age cost se": 0, "MI, first year se": 26.2, "CHF, first year se": 20, "MI, first year cost": 18981.5, "CHF, first year cost": 12476, "Angina, first year se": 22.7, "MI, following year se": 25.4, "Stroke, first year se": 19, "CHF, following year se": 19.6, "eGFR 30, first year se": 18, "eGFR 60, first year se": 18, "Angina, first year cost": 5240.1, "Dialysis, first year se": 64.4, "MI, following year cost": 1602.5, "Stroke, first year cost": 12442, "Blindness, first year se": 39.1, "CHF, following year cost": 2990.8, "eGFR 30, first year cost": 9576, "eGFR 60, first year cost": 9576, "Amputation, first year se": 112, "Angina, following year se": 27.5, "Dialysis, first year cost": 54739.2, "Foot ulcer, first year se": 26, "Neuropathy, first year se": 22.9, "Stroke, following year se": 22.4, "Blindness, first year cost": 6511.1, "eGFR 30, following year se": 17.3, "eGFR 60, following year se": 17.3, "Amputation, first year cost": 39617.7, "Angina, following year cost": 541.7, "Dialysis, following year se": 69.1, "Foot ulcer, first year cost": 10433.3, "Laser retina, first year se": 38.2, "Neuropathy, first year cost": 4561.9, "Stroke, following year cost": 159.9, "Blindness, following year se": 35, "eGFR 30, following year cost": 1875.2, "eGFR 60, following year cost": 1875.2, "Amputation, following year se": 135.5, "Dialysis, following year cost": 38621.6, "Foot ulcer, following year se": 24, "Laser retina, first year cost": 681.8, "Neuropathy, following year se": 20.1, "Blindness, following year cost": 446.9, "Amputation, following year cost": 7506, "Foot ulcer, following year cost": 2303.7, "Laser retina, following year se": 0, "Macroalbuminuria, first year se": 18, "Neuropathy, following year cost": 870.7, "Revascularization, first year se": 20.7, "Laser retina, following year cost": 0, "Macroalbuminuria, first year cost": 9576, "Revascularization, first year cost": 11300.6, "Macroalbuminuria, following year se": 17.3, "Incremental cost in year of death se": 0, "Revascularization, following year se": 31.2, "Macroalbuminuria, following year cost": 1875.2, "Incremental cost in year of death cost": 500, "Revascularization, following year cost": 575.8, "Hypoglycemia (medical assistance), first year se": 27, "Hypoglycemia (medical assistance), first year cost": 9399.2}], "iteration_size_note": null, "simulation_type": "Standard", "include_medicare": false, "intervention_types": [{"type_bp_t2d": [], "type_smoke_t2d": [], "type_generic_t2d": [], "type_glycemic_t2d": ["glycemic"], "type_cholesterol_t2d": [], "intervention_set_name_t2d": "initial default"}], "population_dataset_uuid": "none", "mortality_multipliers": [{"Equation 1": 2, "Equation 2": 2, "Equation 3": 2}], "complication_multipliers": [{"mi multiplier": 1, "chf multiplier": 1, "ulcer multiplier": 1, "angina multiplier": 1, "neurop multiplier": 1, "revasc multiplier": 1, "stroke multiplier": 1, "egfr_30 multiplier": 1, "egfr_60 multiplier": 1, "dialysis multiplier": 1, "blindness multiplier": 1, "amputation multiplier": 1, "laser_retina multiplier": 1, "hypoglycemia_any multiplier": 1, "macroalbuminuria multiplier": 1, "microalbuminuria multiplier": 1, "hypoglycemia_medical multiplier": 1}], "baseline_economic_factors": [{"Cost discount factor": 0.03, "QALY discount factor": 0.03}], "glycemic_control_setup_type": "basic", "glycemic_control_intervention": [{"annual_cost": 361.5, "factor_changes": {"bmi": 0, "hdl": 0, "ldl": 0, "sbp": 0, "trig": 0, "hba1c": -2, "smoker": 0, "serum_creatinine": 0}, "risk_reductions": {"mi": 0, "chf": 0, "ulcer": 0, "angina": 0, "revasc": 0, "stroke": 0, "egfr_30": 0, "egfr_60": 0, "dialysis": 0, "hypo_any": 0, "hypo_med": 0, "blindness": 0, "amputation": 0, "neuropathy": 0, "laser_retin": 0, "macroalbuminuria": 0, "microalbuminuria": 0}}]}